"id","num_amino_acids_in_sample","num_chain_amino_acids_in_sample","numberofAA","num_caa"
"Q03407",21,6,NA,NA
"Q12236",21,6,NA,NA
"Q12181",12,8,NA,NA
"P14306",7,0,NA,NA
"P49775",22,11,NA,NA
"Q04344",21,10,NA,NA
"Q06146",23,23,NA,NA
"P40959",8,0,NA,NA
"P54781",13,6,NA,NA
"Q03769",14,2,NA,NA
"P25358",30,14,NA,NA
"Q06704",9,0,NA,NA
"P17649",19,13,NA,NA
"P54790",10,4,NA,NA
"P38112",15,11,NA,NA
"P35181",7,2,NA,NA
"P31755",7,1,NA,NA
"P25617",7,0,NA,NA
"P05740",10,3,NA,NA
"P46990",10,3,NA,NA
"P05738",19,8,NA,NA
"P51401",19,8,NA,NA
"Q04299",23,16,NA,NA
"P39994",27,10,NA,NA
"P12630",32,15,NA,NA
"P00854",17,0,NA,NA
"P38754",9,2,NA,NA
"P06245",17,8,NA,NA
"P53067",35,13,NA,NA
"P40553",9,3,NA,NA
"P36136",21,14,NA,NA
"Q08925",8,5,NA,NA
"P28791",21,3,NA,NA
"Q03705",12,11,NA,NA
"Q08932",19,10,NA,NA
"P38775",24,6,NA,NA
"P32802",12,0,NA,NA
"P38755",14,7,NA,NA
"P40559",19,2,NA,NA
"O14455",9,9,NA,NA
"P40215",16,10,NA,NA
"P40893",14,5,NA,NA
"Q6Q547",9,5,NA,NA
"P07285",9,0,NA,NA
"P35723",36,22,NA,NA
"P43555",26,4,NA,NA
"Q01976",12,0,NA,NA
"Q05015",13,7,NA,NA
"P22214",16,2,NA,NA
"Q07951",13,0,NA,NA
"Q03629",21,12,NA,NA
"P38323",12,7,NA,NA
"P38985",11,5,NA,NA
"P36046",14,14,NA,NA
"Q04651",25,12,NA,NA
"Q12108",16,7,NA,NA
"P43577",15,7,NA,NA
"Q6Q546",12,3,NA,NA
"P37838",10,1,NA,NA
"P00427",19,7,NA,NA
"P46957",9,5,NA,NA
"P15731",27,9,NA,NA
"P48563",18,1,NA,NA
"Q03722",13,5,NA,NA
"P53258",9,1,NA,NA
"P40018",8,0,NA,NA
"P27351",13,1,NA,NA
"Q03323",14,2,NA,NA
"P38170",8,8,NA,NA
"P36000",11,1,NA,NA
"Q04500",10,10,NA,NA
"P12753",8,0,NA,NA
"Q03088",16,3,NA,NA
"P40545",10,3,NA,NA
"P53301",11,5,NA,NA
"P30665",9,6,NA,NA
"P53552",19,9,NA,NA
"P36059",11,2,NA,NA
"P81449",10,0,NA,NA
"P22336",10,1,NA,NA
"P40498",33,26,NA,NA
"Q12089",8,3,NA,NA
"Q06488",16,16,NA,NA
"P38805",13,0,NA,NA
"P53199",9,2,NA,NA
"P32388",16,3,NA,NA
"Q12151",10,2,NA,NA
"Q06096",15,0,NA,NA
"P53953",15,10,NA,NA
"P38959",20,6,NA,NA
"P40554",13,5,NA,NA
"P36147",19,19,NA,NA
"P38138",21,6,NA,NA
"P32656",12,0,NA,NA
"Q99288",10,0,NA,NA
"P33317",8,0,NA,NA
"Q99260",10,4,NA,NA
"P38063",17,3,NA,NA
"P54730",30,13,NA,NA
"P47061",29,0,NA,NA
"P53297",27,25,NA,NA
"Q04201",28,28,NA,NA
"P38068",12,5,NA,NA
"P36009",12,1,NA,NA
"P39692",19,8,NA,NA
"P53848",21,2,NA,NA
"P32495",8,8,NA,NA
"P34761",11,5,NA,NA
"Q03790",15,15,NA,NA
"P52893",32,15,NA,NA
"P32478",10,3,NA,NA
"Q12091",21,21,NA,NA
"P21672",38,31,NA,NA
"P38789",18,5,NA,NA
"P47122",14,10,NA,NA
"P35178",40,9,NA,NA
"D6VTK4",14,14,NA,NA
"P38992",20,10,NA,NA
"P56628",22,11,NA,NA
"P39704",26,14,NA,NA
"Q12267",13,0,NA,NA
"Q04383",15,4,NA,NA
"P12686",20,5,NA,NA
"Q03361",17,8,NA,NA
"P43601",9,9,NA,NA
"P32799",10,10,NA,NA
"P38821",15,11,NA,NA
"P20095",12,1,NA,NA
"P38071",39,19,NA,NA
"Q12434",21,11,NA,NA
"Q96VH4",27,10,NA,NA
"P20435",19,19,NA,NA
"Q04432",33,14,NA,NA
"P10664",16,16,NA,NA
"P49626",16,16,NA,NA
"P22696",10,7,NA,NA
"P24521",33,11,NA,NA
"P05749",50,23,NA,NA
"P25340",11,9,NA,NA
"Q03124",8,0,NA,NA
"P25515",33,7,NA,NA
"Q03954",19,2,NA,NA
"P40151",14,12,NA,NA
"P04037",20,16,NA,NA
"Q06508",16,10,NA,NA
"Q12362",22,7,NA,NA
"P05737",9,0,NA,NA
"P22579",10,0,NA,NA
"P53081",38,26,NA,NA
"P32897",26,26,NA,NA
"P39936",35,35,NA,NA
"P41318",14,5,NA,NA
"P38970",10,10,NA,NA
"P26784",47,26,NA,NA
"P53121",21,5,NA,NA
"P43563",23,23,NA,NA
"P45978",13,13,NA,NA
"P25342",28,20,NA,NA
"P33311",9,1,NA,NA
"P39685",10,10,NA,NA
"O94742",12,12,NA,NA
"P10356",21,16,NA,NA
"P52870",10,10,NA,NA
"P50947",26,19,NA,NA
"P40210",13,13,NA,NA
"P50623",7,2,NA,NA
"P32767",19,7,NA,NA
"Q06639",30,14,NA,NA
"P53378",16,6,NA,NA
"P53335",15,10,NA,NA
"P41920",23,18,NA,NA
"Q08581",20,20,NA,NA
"Q04969",28,10,NA,NA
"Q08179",17,10,NA,NA
"P46988",12,2,NA,NA
"P04161",9,0,NA,NA
"P38244",15,6,NA,NA
"P06367",7,7,NA,NA
"P53337",12,9,NA,NA
"P32908",14,3,NA,NA
"P38129",38,30,NA,NA
"P47170",19,11,NA,NA
"Q3E834",42,18,NA,NA
"Q07657",12,11,NA,NA
"P40054",45,20,NA,NA
"P17629",19,0,NA,NA
"Q05942",26,7,NA,NA
"P20795",40,9,NA,NA
"P48570",12,6,NA,NA
"P48445",22,13,NA,NA
"P38122",17,1,NA,NA
"Q12242",18,4,NA,NA
"P06174",11,1,NA,NA
"Q05050",16,16,NA,NA
"Q12748",17,4,NA,NA
"P38749",14,3,NA,NA
"Q02199",49,6,NA,NA
"P32492",18,5,NA,NA
"P32477",22,14,NA,NA
"P32831",13,2,NA,NA
"P36108",9,7,NA,NA
"Q06505",12,5,NA,NA
"P19358",34,15,NA,NA
"P28789",32,12,NA,NA
"P38131",10,2,NA,NA
"P53270",9,0,NA,NA
"P32447",9,2,NA,NA
"P34163",10,0,NA,NA
"P40579",20,8,NA,NA
"P32566",39,22,NA,NA
"P33313",12,0,NA,NA
"P53012",15,4,NA,NA
"Q12305",15,6,NA,NA
"P25374",17,5,NA,NA
"Q06169",11,6,NA,NA
"P49334",54,20,NA,NA
"P32458",19,11,NA,NA
"P32842",18,1,NA,NA
"Q12329",23,14,NA,NA
"P53088",14,14,NA,NA
"P36168",9,4,NA,NA
"P17898",13,1,NA,NA
"P53507",13,9,NA,NA
"P53171",8,6,NA,NA
"P14922",26,26,NA,NA
"P40517",10,10,NA,NA
"P38169",54,25,NA,NA
"P39002",10,10,NA,NA
"P32591",19,5,NA,NA
"P11633",13,5,NA,NA
"Q12033",10,7,NA,NA
"Q03305",22,10,NA,NA
"Q12455",23,8,NA,NA
"P38523",19,11,NA,NA
"Q03661",17,17,NA,NA
"Q06506",11,4,NA,NA
"P25555",12,2,NA,NA
"Q12387",14,2,NA,NA
"P38803",16,16,NA,NA
"P28625",29,13,NA,NA
"P39101",14,0,NA,NA
"P37370",23,23,NA,NA
"P32835",13,10,NA,NA
"P47035",15,15,NA,NA
"P48606",13,3,NA,NA
"P22276",19,0,NA,NA
"Q3E7Y3",9,2,NA,NA
"P53295",33,25,NA,NA
"Q08723",94,49,NA,NA
"P38237",18,3,NA,NA
"P25626",21,11,NA,NA
"P36069",15,8,NA,NA
"P25037",32,14,NA,NA
"Q07953",7,2,NA,NA
"P38792",34,25,NA,NA
"P25654",7,1,NA,NA
"Q08686",20,9,NA,NA
"Q08726",14,7,NA,NA
"Q12099",21,10,NA,NA
"P32570",10,0,NA,NA
"P01120",33,33,NA,NA
"Q05931",27,9,NA,NA
"P38833",15,3,NA,NA
"P11491",19,5,NA,NA
"P19073",28,13,NA,NA
"P36006",18,18,NA,NA
"P18899",145,145,NA,NA
"Q03063",33,27,NA,NA
"Q12191",30,30,NA,NA
"P38827",8,2,NA,NA
"P53946",9,3,NA,NA
"P32623",11,6,NA,NA
"P43554",10,1,NA,NA
"P48837",12,0,NA,NA
"P53073",10,0,NA,NA
"P40353",37,16,NA,NA
"P47045",30,16,NA,NA
"P38281",63,25,NA,NA
"P16547",14,7,NA,NA
"P32453",11,3,NA,NA
"Q03834",9,2,NA,NA
"P26755",33,14,NA,NA
"Q08962",19,8,NA,NA
"Q06680",14,6,NA,NA
"Q07688",13,1,NA,NA
"P40059",14,11,NA,NA
"P34248",28,12,NA,NA
"P53954",13,4,NA,NA
"P47135",29,11,NA,NA
"P47031",9,0,NA,NA
"P40086",14,1,NA,NA
"Q12676",20,7,NA,NA
"Q03525",14,14,NA,NA
"P40348",25,7,NA,NA
"P26754",48,9,NA,NA
"P25808",26,16,NA,NA
"P53164",32,20,NA,NA
"P43619",7,0,NA,NA
"Q03799",14,9,NA,NA
"P40318",12,6,NA,NA
"Q12060",11,0,NA,NA
"Q08199",16,6,NA,NA
"P46678",11,4,NA,NA
"Q08960",14,14,NA,NA
"P41813",9,9,NA,NA
"P21306",13,11,NA,NA
"Q12690",29,24,NA,NA
"P49166",17,13,NA,NA
"P51402",9,9,NA,NA
"P53094",7,7,NA,NA
"P07866",15,4,NA,NA
"Q03630",16,7,NA,NA
"P40007",12,12,NA,NA
"P22023",24,9,NA,NA
"Q12496",50,13,NA,NA
"P19146",39,17,NA,NA
"P38616",12,6,NA,NA
"P46992",27,16,NA,NA
"P47095",25,9,NA,NA
"P11076",53,21,NA,NA
"P23642",11,1,NA,NA
"Q03219",30,11,NA,NA
"Q3E793",24,5,NA,NA
"P38624",11,2,NA,NA
"Q12034",18,5,NA,NA
"P43561",9,5,NA,NA
"P32657",10,0,NA,NA
"Q05933",30,10,NA,NA
"P40850",15,6,NA,NA
"P34240",9,5,NA,NA
"P47165",45,17,NA,NA
"Q12010",10,9,NA,NA
"Q12063",10,10,NA,NA
"P40989",33,16,NA,NA
"Q02875",15,15,NA,NA
"P36103",20,9,NA,NA
"P39706",13,13,NA,NA
"P36041",13,13,NA,NA
"Q12156",11,0,NA,NA
"P32335",14,0,NA,NA
"P53218",10,0,NA,NA
"P40070",11,4,NA,NA
"P22082",10,4,NA,NA
"P38759",25,7,NA,NA
"Q05031",13,1,NA,NA
"P47017",7,0,NA,NA
"P32843",49,11,NA,NA
"Q12207",33,4,NA,NA
"P24000",12,7,NA,NA
"P04449",12,7,NA,NA
"Q12122",20,7,NA,NA
"Q92317",14,8,NA,NA
"P47103",20,7,NA,NA
"P25361",12,7,NA,NA
"P53123",7,4,NA,NA
"Q04739",17,6,NA,NA
"P40005",21,2,NA,NA
"P40516",13,2,NA,NA
"P40454",20,10,NA,NA
"P23595",18,5,NA,NA
"P80967",15,10,NA,NA
"P53847",20,7,NA,NA
"P53900",30,19,NA,NA
"Q04632",19,9,NA,NA
"Q12016",11,11,NA,NA
"Q06107",14,6,NA,NA
"P38806",22,19,NA,NA
"Q3E7X9",11,7,NA,NA
"P32353",32,7,NA,NA
"P38307",17,6,NA,NA
"Q99385",17,17,NA,NA
"P35183",12,9,NA,NA
"Q06632",21,8,NA,NA
"P52891",41,4,NA,NA
"P42938",8,0,NA,NA
"P11433",22,5,NA,NA
"P16622",45,23,NA,NA
"Q04322",22,5,NA,NA
"P32349",16,6,NA,NA
"Q01217",33,8,NA,NA
"P38193",15,2,NA,NA
"P03872",45,13,NA,NA
"Q00362",15,15,NA,NA
"P53250",15,10,NA,NA
"P40056",16,11,NA,NA
"P33331",55,15,NA,NA
"P25365",7,2,NA,NA
"P40317",9,0,NA,NA
"Q07395",8,0,NA,NA
"P28273",54,17,NA,NA
"P34162",11,6,NA,NA
"P32604",12,5,NA,NA
"P33307",102,25,NA,NA
"P19956",11,2,NA,NA
"P06780",71,27,NA,NA
"P06781",11,6,NA,NA
"Q05874",61,21,NA,NA
"P46970",38,4,NA,NA
"P49017",26,2,NA,NA
"P06102",35,28,NA,NA
"Q07915",10,3,NA,NA
"P40037",80,25,NA,NA
"P35179",10,0,NA,NA
"Q07979",15,5,NA,NA
"P36534",12,9,NA,NA
"P25386",27,3,NA,NA
"P32523",10,0,NA,NA
"Q03429",18,2,NA,NA
"P53834",12,8,NA,NA
"P53829",12,0,NA,NA
"P34243",12,5,NA,NA
"P53070",15,5,NA,NA
"P23292",17,7,NA,NA
"P39526",12,0,NA,NA
"P40481",12,5,NA,NA
"P38067",25,15,NA,NA
"P40518",43,15,NA,NA
"P12385",122,36,NA,NA
"Q12427",14,2,NA,NA
"P43597",14,14,NA,NA
"P06700",13,6,NA,NA
"P38929",14,4,NA,NA
"Q02767",13,8,NA,NA
"P22517",11,10,NA,NA
"P40582",30,5,NA,NA
"P07143",16,11,NA,NA
"Q06177",9,7,NA,NA
"P35197",30,29,NA,NA
"P22855",10,4,NA,NA
"P50089",9,0,NA,NA
"P18852",17,9,NA,NA
"P35203",15,6,NA,NA
"P47076",24,5,NA,NA
"P23291",22,22,NA,NA
"P43596",24,17,NA,NA
"P36037",40,13,NA,NA
"P38348",36,10,NA,NA
"P48360",9,6,NA,NA
"P53317",13,13,NA,NA
"P50102",10,3,NA,NA
"P40856",15,6,NA,NA
"P53079",36,14,NA,NA
"P16451",26,19,NA,NA
"P46676",24,24,NA,NA
"P41896",8,1,NA,NA
"P38845",37,37,NA,NA
"P48524",11,6,NA,NA
"P32784",42,13,NA,NA
"P53877",23,10,NA,NA
"Q01159",14,8,NA,NA
"P32316",29,15,NA,NA
"P33775",68,48,NA,NA
"P32386",68,37,NA,NA
"Q12406",21,7,NA,NA
"Q05543",23,5,NA,NA
"Q01080",15,5,NA,NA
"P40540",13,9,NA,NA
"P41921",55,26,NA,NA
"P12868",31,13,NA,NA
"Q99257",47,12,NA,NA
"P38688",37,11,NA,NA
"P38225",52,25,NA,NA
"Q12100",15,15,NA,NA
"P25360",27,19,NA,NA
"P21373",11,3,NA,NA
"Q06708",21,2,NA,NA
"Q12071",18,0,NA,NA
"P53114",8,0,NA,NA
"P33296",35,17,NA,NA
"Q04458",14,0,NA,NA
"P06244",13,7,NA,NA
"P38758",22,11,NA,NA
"Q12028",10,4,NA,NA
"P41819",21,6,NA,NA
"P33332",11,0,NA,NA
"Q04493",35,15,NA,NA
"Q04781",23,3,NA,NA
"P28000",40,24,NA,NA
"Q12283",17,9,NA,NA
"P53965",11,0,NA,NA
"P53154",28,27,NA,NA
"Q12341",7,4,NA,NA
"P17106",16,0,NA,NA
"P47124",10,2,NA,NA
"P32342",27,15,NA,NA
"Q06350",15,0,NA,NA
"Q04472",15,0,NA,NA
"P39940",10,4,NA,NA
"Q02455",54,30,NA,NA
"Q12043",37,11,NA,NA
"P07703",12,7,NA,NA
"P32496",35,5,NA,NA
"P33753",18,15,NA,NA
"P38798",7,0,NA,NA
"P32559",13,5,NA,NA
"P32644",17,11,NA,NA
"Q3E798",12,0,NA,NA
"P08004",14,1,NA,NA
"Q03177",15,11,NA,NA
"Q08773",9,0,NA,NA
"P32862",12,7,NA,NA
"Q12429",18,2,NA,NA
"P31380",13,8,NA,NA
"P38085",13,5,NA,NA
"P40208",11,0,NA,NA
"P53293",7,3,NA,NA
"P40557",10,0,NA,NA
"P47064",13,2,NA,NA
"P38198",7,0,NA,NA
"P53734",12,0,NA,NA
"Q05934",23,7,NA,NA
"Q08484",11,8,NA,NA
"P38988",71,7,NA,NA
"Q05580",23,6,NA,NA
"P53941",8,4,NA,NA
"P38206",11,0,NA,NA
"P38272",9,0,NA,NA
"P21182",40,18,NA,NA
"Q12415",30,24,NA,NA
"Q02948",7,0,NA,NA
"P21243",44,19,NA,NA
"P38712",12,3,NA,NA
"P27515",8,2,NA,NA
"Q06218",47,13,NA,NA
"Q03496",9,6,NA,NA
"Q08299",14,2,NA,NA
"Q01852",52,29,NA,NA
"P53192",25,8,NA,NA
"P52488",18,1,NA,NA
"Q04177",40,15,NA,NA
"P32642",23,8,NA,NA
"P54784",15,5,NA,NA
"P53875",21,12,NA,NA
"P25631",35,12,NA,NA
"P53173",38,3,NA,NA
"Q12355",15,12,NA,NA
"P32500",46,12,NA,NA
"Q02206",11,3,NA,NA
"P50087",20,3,NA,NA
"P53333",25,3,NA,NA
"Q12166",33,9,NA,NA
"P53040",39,24,NA,NA
"P53909",21,9,NA,NA
"Q03503",8,4,NA,NA
"P47037",21,0,NA,NA
"Q01574",10,5,NA,NA
"P49367",76,29,NA,NA
"P53172",61,23,NA,NA
"Q04264",31,7,NA,NA
"P38314",71,14,NA,NA
"P34227",11,7,NA,NA
"P53326",25,7,NA,NA
"P53874",15,6,NA,NA
"P50086",21,13,NA,NA
"Q12055",9,2,NA,NA
"Q08732",11,7,NA,NA
"P36523",21,6,NA,NA
"P0C2H8",9,4,NA,NA
"P53617",12,0,NA,NA
"P46673",23,12,NA,NA
"Q00402",9,9,NA,NA
"P10662",14,9,NA,NA
"P38910",57,32,NA,NA
"P39525",40,16,NA,NA
"P34226",9,2,NA,NA
"Q03104",28,7,NA,NA
"Q03362",39,8,NA,NA
"P53045",51,17,NA,NA
"P21375",14,4,NA,NA
"Q04869",52,24,NA,NA
"P33399",23,17,NA,NA
"P39726",37,25,NA,NA
"P24276",115,49,NA,NA
"P38181",12,3,NA,NA
"P25576",24,6,NA,NA
"P38121",7,0,NA,NA
"Q02932",33,6,NA,NA
"P47110",18,6,NA,NA
"P53076",15,3,NA,NA
"P23180",24,7,NA,NA
"Q06511",11,0,NA,NA
"Q06217",30,14,NA,NA
"P33767",34,10,NA,NA
"P19812",49,19,NA,NA
"P36051",19,5,NA,NA
"P38996",27,11,NA,NA
"P40015",27,10,NA,NA
"P09457",51,13,NA,NA
"Q08816",7,0,NA,NA
"Q05881",15,0,NA,NA
"Q06631",27,10,NA,NA
"Q12386",30,10,NA,NA
"P38151",14,10,NA,NA
"P00546",14,9,NA,NA
"P52553",37,18,NA,NA
"P38630",8,0,NA,NA
"P53929",15,9,NA,NA
"Q01722",7,2,NA,NA
"P17157",30,10,NA,NA
"P21827",45,31,NA,NA
"P53878",71,30,NA,NA
"P40580",36,15,NA,NA
"P53196",13,4,NA,NA
"Q04080",23,9,NA,NA
"P34241",16,0,NA,NA
"P22141",27,5,NA,NA
"P53011",14,2,NA,NA
"Q04119",22,10,NA,NA
"P40857",55,13,NA,NA
"P54860",64,6,NA,NA
"P47130",11,4,NA,NA
"P32502",61,18,NA,NA
"P32259",42,15,NA,NA
"Q06252",93,46,NA,NA
"Q06682",26,18,NA,NA
"P39945",15,9,NA,NA
"Q08689",27,15,NA,NA
"Q99312",31,11,NA,NA
"P47089",27,10,NA,NA
"Q12502",11,11,NA,NA
"Q06485",25,25,NA,NA
"P33297",44,14,NA,NA
"P42838",11,9,NA,NA
"P38182",18,3,NA,NA
"P38248",41,24,NA,NA
"P14120",72,25,NA,NA
"Q01477",17,4,NA,NA
"P04650",11,8,NA,NA
"Q02457",20,6,NA,NA
"Q03516",27,15,NA,NA
"P47019",25,25,NA,NA
"P17536",83,6,NA,NA
"P53115",18,3,NA,NA
"P36090",11,0,NA,NA
"P12962",45,45,NA,NA
"P35189",50,28,NA,NA
"P15179",11,4,NA,NA
"P25339",54,40,NA,NA
"Q02642",73,37,NA,NA
"P33411",11,0,NA,NA
"P05755",16,16,NA,NA
"P48836",26,2,NA,NA
"P32356",77,40,NA,NA
"P21801",11,5,NA,NA
"P38913",13,6,NA,NA
"P52917",11,4,NA,NA
"P20485",21,9,NA,NA
"P38604",10,5,NA,NA
"P40533",41,15,NA,NA
"P10869",60,19,NA,NA
"P39929",15,15,NA,NA
"P32590",36,8,NA,NA
"P36048",19,7,NA,NA
"P34253",11,4,NA,NA
"Q02884",15,8,NA,NA
"Q06205",30,13,NA,NA
"P53273",7,3,NA,NA
"P40368",39,26,NA,NA
"P39966",44,19,NA,NA
"P29547",102,29,NA,NA
"P38886",63,20,NA,NA
"P38837",33,1,NA,NA
"P38829",19,7,NA,NA
"Q12270",17,10,NA,NA
"P42842",24,10,NA,NA
"Q06338",38,10,NA,NA
"P20459",56,14,NA,NA
"Q05785",22,3,NA,NA
"P32832",11,9,NA,NA
"P40347",13,5,NA,NA
"P46971",32,21,NA,NA
"Q12451",8,2,NA,NA
"P25605",82,28,NA,NA
"Q08237",19,8,NA,NA
"P53185",15,4,NA,NA
"Q12297",8,0,NA,NA
"P40064",51,14,NA,NA
"P43585",27,2,NA,NA
"P38732",33,20,NA,NA
"Q12532",11,1,NA,NA
"P53131",81,29,NA,NA
"P40362",18,10,NA,NA
"P09959",12,3,NA,NA
"Q08220",47,7,NA,NA
"Q12250",111,20,NA,NA
"P43621",34,15,NA,NA
"P32485",25,12,NA,NA
"Q07451",22,4,NA,NA
"Q12306",40,15,NA,NA
"P28007",29,15,NA,NA
"P53379",20,5,NA,NA
"Q12271",57,35,NA,NA
"Q08961",9,3,NA,NA
"P38903",31,13,NA,NA
"P32634",31,31,NA,NA
"P46948",28,3,NA,NA
"Q12008",8,5,NA,NA
"P35688",13,2,NA,NA
"P38736",10,1,NA,NA
"P32329",33,10,NA,NA
"Q07551",111,51,NA,NA
"P47018",58,14,NA,NA
"P39926",10,0,NA,NA
"Q02785",39,15,NA,NA
"P48362",27,17,NA,NA
"P20448",26,5,NA,NA
"Q12009",23,19,NA,NA
"P48365",8,1,NA,NA
"P38080",86,58,NA,NA
"P53233",8,0,NA,NA
"P29366",18,12,NA,NA
"Q05778",52,24,NA,NA
"P46985",36,13,NA,NA
"P18900",23,5,NA,NA
"P33334",36,10,NA,NA
"P23059",23,5,NA,NA
"P38149",37,10,NA,NA
"P50946",28,14,NA,NA
"P27466",10,0,NA,NA
"P53228",11,1,NA,NA
"Q12453",39,5,NA,NA
"P19454",54,25,NA,NA
"Q04958",30,20,NA,NA
"Q12255",36,10,NA,NA
"P53075",26,1,NA,NA
"P32855",75,26,NA,NA
"P14906",60,23,NA,NA
"P08964",18,5,NA,NA
"Q12402",8,0,NA,NA
"Q02979",34,17,NA,NA
"P04821",27,5,NA,NA
"P04819",22,4,NA,NA
"P41734",7,0,NA,NA
"Q05021",11,2,NA,NA
"P25623",47,26,NA,NA
"P40986",37,22,NA,NA
"P08466",22,22,NA,NA
"P53155",27,10,NA,NA
"P20107",17,6,NA,NA
"P40350",13,0,NA,NA
"Q03330",10,0,NA,NA
"P49956",12,6,NA,NA
"Q02931",93,47,NA,NA
"P39969",11,2,NA,NA
"Q03648",23,9,NA,NA
"P08539",7,0,NA,NA
"P40363",39,11,NA,NA
"Q06245",11,0,NA,NA
"P40099",49,16,NA,NA
"P30771",17,14,NA,NA
"P18414",19,0,NA,NA
"P36040",83,34,NA,NA
"P35728",15,3,NA,NA
"P32629",18,6,NA,NA
"P40339",17,4,NA,NA
"P53066",37,23,NA,NA
"Q03337",34,6,NA,NA
"P47108",24,0,NA,NA
"P25572",9,3,NA,NA
"Q07716",68,34,NA,NA
"Q05946",51,22,NA,NA
"Q02908",18,12,NA,NA
"P32462",19,8,NA,NA
"P40093",76,31,NA,NA
"P53261",13,2,NA,NA
"P53899",8,0,NA,NA
"P52593",86,33,NA,NA
"Q06630",10,4,NA,NA
"P87284",19,1,NA,NA
"Q12179",12,0,NA,NA
"P40469",19,1,NA,NA
"Q03016",43,20,NA,NA
"P16661",14,7,NA,NA
"P53332",68,37,NA,NA
"Q12377",22,7,NA,NA
"P40106",38,13,NA,NA
"P25371",28,11,NA,NA
"P40468",27,3,NA,NA
"P47127",20,11,NA,NA
"P54964",44,8,NA,NA
"Q07897",22,7,NA,NA
"P36775",97,29,NA,NA
"Q06677",13,0,NA,NA
"Q12241",20,0,NA,NA
"P24031",28,24,NA,NA
"P40991",91,55,NA,NA
"P69850",9,0,NA,NA
"Q07508",13,0,NA,NA
"P53281",15,4,NA,NA
"P09733",76,45,NA,NA
"Q12354",18,6,NA,NA
"P50108",33,20,NA,NA
"Q99383",40,34,NA,NA
"P42935",35,19,NA,NA
"P20604",11,8,NA,NA
"Q12038",18,8,NA,NA
"P50085",54,25,NA,NA
"Q03103",49,17,NA,NA
"Q04235",13,6,NA,NA
"P34246",8,2,NA,NA
"Q02754",12,5,NA,NA
"Q12348",9,0,NA,NA
"Q04178",57,24,NA,NA
"P16892",33,11,NA,NA
"P36047",78,54,NA,NA
"P36160",30,4,NA,NA
"P41056",17,7,NA,NA
"P05744",17,7,NA,NA
"P50264",37,11,NA,NA
"Q02630",27,13,NA,NA
"P20436",21,7,NA,NA
"P16664",31,7,NA,NA
"P14907",73,37,NA,NA
"P32898",23,5,NA,NA
"P19263",46,23,NA,NA
"Q04430",13,0,NA,NA
"P32639",23,0,NA,NA
"Q04062",59,11,NA,NA
"P52490",26,14,NA,NA
"Q05515",87,23,NA,NA
"P46681",32,23,NA,NA
"P23638",92,27,NA,NA
"P11938",60,51,NA,NA
"P47039",20,5,NA,NA
"P53183",40,32,NA,NA
"P40164",12,2,NA,NA
"Q12697",27,9,NA,NA
"P38747",19,19,NA,NA
"P50278",19,6,NA,NA
"P37262",36,16,NA,NA
"P53973",20,3,NA,NA
"P36151",13,5,NA,NA
"P54000",23,16,NA,NA
"P40087",71,33,NA,NA
"P43123",58,22,NA,NA
"P35176",60,18,NA,NA
"P06787",70,22,NA,NA
"P32476",127,39,NA,NA
"P06100",15,4,NA,NA
"P32352",29,3,NA,NA
"Q12746",48,7,NA,NA
"P53839",37,12,NA,NA
"P40008",27,12,NA,NA
"P40066",15,6,NA,NA
"P53137",11,11,NA,NA
"P35732",45,43,NA,NA
"P07274",43,13,NA,NA
"P53039",29,12,NA,NA
"P25303",15,7,NA,NA
"P32771",38,25,NA,NA
"P47133",10,0,NA,NA
"P25847",78,21,NA,NA
"Q03102",36,23,NA,NA
"P53893",35,18,NA,NA
"Q04013",82,21,NA,NA
"P38986",66,40,NA,NA
"P22213",37,12,NA,NA
"Q08144",10,0,NA,NA
"P52489",10,6,NA,NA
"P38779",32,8,NA,NA
"P38203",13,5,NA,NA
"P38853",25,13,NA,NA
"P21734",27,18,NA,NA
"P23287",14,4,NA,NA
"Q05905",42,15,NA,NA
"P46680",120,60,NA,NA
"P32472",34,17,NA,NA
"Q06449",15,5,NA,NA
"Q03782",9,2,NA,NA
"P32598",74,41,NA,NA
"P32319",30,14,NA,NA
"P32178",48,12,NA,NA
"P14020",96,37,NA,NA
"P36008",150,50,NA,NA
"P42937",10,0,NA,NA
"P38692",42,42,NA,NA
"P43582",38,38,NA,NA
"P39011",17,2,NA,NA
"Q06179",12,12,NA,NA
"P53008",30,10,NA,NA
"Q03761",12,12,NA,NA
"P38427",71,36,NA,NA
"P11353",84,25,NA,NA
"Q08193",43,20,NA,NA
"P21524",100,56,NA,NA
"P04076",61,13,NA,NA
"P38337",13,0,NA,NA
"P47047",114,56,NA,NA
"Q12199",15,10,NA,NA
"P32466",73,33,NA,NA
"P38065",38,11,NA,NA
"Q04409",71,28,NA,NA
"Q12522",31,15,NA,NA
"P53169",8,3,NA,NA
"P53163",32,6,NA,NA
"Q03264",27,18,NA,NA
"P31334",32,12,NA,NA
"Q02793",40,22,NA,NA
"P46683",20,8,NA,NA
"P06777",48,22,NA,NA
"P50861",70,26,NA,NA
"P40159",99,74,NA,NA
"P17883",47,8,NA,NA
"Q04600",32,9,NA,NA
"P35184",33,14,NA,NA
"P38698",23,4,NA,NA
"P36120",25,14,NA,NA
"P53691",155,61,NA,NA
"P32793",19,4,NA,NA
"P38325",26,3,NA,NA
"P22007",44,16,NA,NA
"Q12458",90,42,NA,NA
"P20424",70,35,NA,NA
"P53334",41,15,NA,NA
"P32794",49,14,NA,NA
"Q05567",55,22,NA,NA
"Q12029",69,14,NA,NA
"P00572",38,17,NA,NA
"P22147",128,64,NA,NA
"P54003",19,17,NA,NA
"Q06408",127,43,NA,NA
"Q03778",17,8,NA,NA
"P38355",25,0,NA,NA
"P38968",162,100,NA,NA
"P53009",15,0,NA,NA
"P15436",14,1,NA,NA
"Q08230",15,1,NA,NA
"P46995",11,4,NA,NA
"P38627",117,44,NA,NA
"Q06624",59,14,NA,NA
"P53145",34,10,NA,NA
"P32332",32,10,NA,NA
"P13185",32,13,NA,NA
"P32565",149,42,NA,NA
"P38081",34,26,NA,NA
"P14904",162,71,NA,NA
"P39729",74,31,NA,NA
"P09440",146,59,NA,NA
"P15274",71,29,NA,NA
"P49435",58,18,NA,NA
"P25343",20,0,NA,NA
"P0C268",14,6,NA,NA
"P25367",67,41,NA,NA
"P53889",103,65,NA,NA
"P53883",16,1,NA,NA
"Q06106",72,26,NA,NA
"Q12446",18,18,NA,NA
"P53136",28,19,NA,NA
"P40501",19,9,NA,NA
"Q99369",24,18,NA,NA
"Q12196",20,11,NA,NA
"P38234",61,20,NA,NA
"Q04603",14,0,NA,NA
"P00899",74,45,NA,NA
"P37012",95,62,NA,NA
"P40506",61,29,NA,NA
"P32445",49,21,NA,NA
"P40341",21,13,NA,NA
"P38230",36,15,NA,NA
"P23594",25,8,NA,NA
"P38804",11,10,NA,NA
"P41911",75,29,NA,NA
"P32791",22,2,NA,NA
"P11914",28,7,NA,NA
"Q08965",21,14,NA,NA
"P15790",8,0,NA,NA
"P25491",96,44,NA,NA
"P20133",29,5,NA,NA
"P32901",7,0,NA,NA
"P42943",117,52,NA,NA
"Q06678",27,10,NA,NA
"P00410",30,13,NA,NA
"P36017",52,23,NA,NA
"Q06523",69,37,NA,NA
"P30619",42,13,NA,NA
"P06738",86,27,NA,NA
"P40471",52,30,NA,NA
"Q12017",18,10,NA,NA
"P36152",21,9,NA,NA
"Q06679",54,22,NA,NA
"Q08959",20,9,NA,NA
"P53303",59,27,NA,NA
"P53633",32,22,NA,NA
"P53111",47,28,NA,NA
"P43603",65,47,NA,NA
"P38930",24,8,NA,NA
"P41543",82,35,NA,NA
"P21147",58,20,NA,NA
"P39010",31,11,NA,NA
"P06785",85,38,NA,NA
"P42940",16,3,NA,NA
"Q04066",35,14,NA,NA
"P05373",28,11,NA,NA
"Q06010",43,32,NA,NA
"P22217",65,20,NA,NA
"Q05029",72,26,NA,NA
"Q08601",31,13,NA,NA
"P39540",20,14,NA,NA
"P20433",47,13,NA,NA
"P29478",13,5,NA,NA
"P38130",25,4,NA,NA
"P38629",45,16,NA,NA
"P33416",147,58,NA,NA
"P38197",36,20,NA,NA
"Q03774",64,39,NA,NA
"Q05979",73,28,NA,NA
"P40457",17,0,NA,NA
"Q05123",19,6,NA,NA
"Q3E795",12,12,NA,NA
"P40098",34,13,NA,NA
"P47068",124,98,NA,NA
"P32452",8,4,NA,NA
"P27614",133,64,NA,NA
"O13585",7,6,NA,NA
"P38113",15,2,NA,NA
"Q00416",8,3,NA,NA
"P38070",10,10,NA,NA
"Q07505",52,25,NA,NA
"P38328",74,35,NA,NA
"P14832",127,60,NA,NA
"P40515",25,7,NA,NA
"P08456",10,7,NA,NA
"P25043",54,17,NA,NA
"P40088",22,15,NA,NA
"P39111",64,20,NA,NA
"Q12144",7,2,NA,NA
"Q99207",20,13,NA,NA
"Q06336",10,3,NA,NA
"P23201",23,0,NA,NA
"P32857",18,4,NA,NA
"Q04217",27,10,NA,NA
"P43593",78,37,NA,NA
"Q08645",57,20,NA,NA
"P29465",8,0,NA,NA
"P39904",13,2,NA,NA
"P00830",278,103,NA,NA
"P06782",34,17,NA,NA
"P43609",98,72,NA,NA
"Q12154",65,38,NA,NA
"Q12044",22,10,NA,NA
"P53318",26,8,NA,NA
"P09547",9,9,NA,NA
"Q12220",25,8,NA,NA
"P53091",21,4,NA,NA
"P32340",82,29,NA,NA
"Q06543",35,18,NA,NA
"P06101",54,17,NA,NA
"P36161",33,5,NA,NA
"P53010",8,0,NA,NA
"P38177",19,5,NA,NA
"Q01329",25,2,NA,NA
"P38813",19,10,NA,NA
"Q12500",28,12,NA,NA
"P14741",44,11,NA,NA
"P23776",64,24,NA,NA
"Q03529",14,7,NA,NA
"Q12102",17,3,NA,NA
"Q12462",22,14,NA,NA
"P31383",185,30,NA,NA
"P48582",28,0,NA,NA
"Q05788",30,11,NA,NA
"Q01802",18,5,NA,NA
"P43321",9,2,NA,NA
"Q07623",23,9,NA,NA
"P53254",58,19,NA,NA
"Q06833",29,21,NA,NA
"P53731",74,13,NA,NA
"P50095",84,35,NA,NA
"Q02725",25,1,NA,NA
"P25644",63,4,NA,NA
"Q04213",9,1,NA,NA
"P47075",100,35,NA,NA
"P40970",45,18,NA,NA
"P31384",29,13,NA,NA
"P37296",39,10,NA,NA
"P25045",83,29,NA,NA
"P53141",8,3,NA,NA
"P46682",23,8,NA,NA
"P47096",34,17,NA,NA
"P28321",16,8,NA,NA
"P19881",31,21,NA,NA
"P53238",14,4,NA,NA
"P29509",129,59,NA,NA
"P42942",54,18,NA,NA
"P47104",15,15,NA,NA
"P46951",8,0,NA,NA
"P25451",42,11,NA,NA
"P40012",36,12,NA,NA
"Q12335",137,57,NA,NA
"P17555",132,73,NA,NA
"P39076",48,8,NA,NA
"P37302",129,60,NA,NA
"Q03835",25,4,NA,NA
"P53312",67,21,NA,NA
"P27476",87,55,NA,NA
"P32368",105,17,NA,NA
"P12904",32,9,NA,NA
"Q06489",125,55,NA,NA
"Q08971",35,14,NA,NA
"P36081",21,19,NA,NA
"P23724",41,19,NA,NA
"P38840",55,24,NA,NA
"P38810",81,41,NA,NA
"Q03246",9,1,NA,NA
"P53063",27,12,NA,NA
"P00445",144,84,NA,NA
"P25375",85,22,NA,NA
"P53969",18,10,NA,NA
"P53200",7,2,NA,NA
"P38961",14,3,NA,NA
"P07260",103,63,NA,NA
"P39993",33,14,NA,NA
"P40462",90,28,NA,NA
"P20081",95,50,NA,NA
"P32457",10,2,NA,NA
"Q08951",17,8,NA,NA
"P38795",98,32,NA,NA
"P24279",64,22,NA,NA
"P38271",7,1,NA,NA
"P89886",57,20,NA,NA
"P00128",17,6,NA,NA
"P33299",56,26,NA,NA
"P48525",15,9,NA,NA
"Q04373",36,12,NA,NA
"P54783",46,32,NA,NA
"P35207",25,3,NA,NA
"P15367",25,7,NA,NA
"P38850",13,1,NA,NA
"P46959",21,8,NA,NA
"P49687",23,6,NA,NA
"P25719",40,10,NA,NA
"P33322",116,65,NA,NA
"Q06706",148,61,NA,NA
"P07702",169,141,NA,NA
"P53130",17,4,NA,NA
"P25087",113,49,NA,NA
"P47119",66,29,NA,NA
"P23248",33,15,NA,NA
"P33442",34,16,NA,NA
"Q12490",28,21,NA,NA
"P38883",44,19,NA,NA
"P36049",31,31,NA,NA
"Q01476",62,30,NA,NA
"P47077",50,22,NA,NA
"P41814",61,32,NA,NA
"P17709",120,36,NA,NA
"P53723",83,24,NA,NA
"P02406",40,21,NA,NA
"Q99216",14,4,NA,NA
"P36018",35,17,NA,NA
"P34216",168,101,NA,NA
"P32333",29,18,NA,NA
"P18239",109,22,NA,NA
"P01123",64,33,NA,NA
"P39960",173,62,NA,NA
"P40319",68,39,NA,NA
"Q12349",27,27,NA,NA
"Q02648",17,4,NA,NA
"P38295",96,34,NA,NA
"P32474",16,10,NA,NA
"P49954",96,37,NA,NA
"P32895",81,29,NA,NA
"P47143",200,71,NA,NA
"P36519",27,6,NA,NA
"Q02486",12,5,NA,NA
"Q03161",111,46,NA,NA
"P38340",20,18,NA,NA
"P40032",74,33,NA,NA
"Q05040",22,19,NA,NA
"P00927",140,50,NA,NA
"P34221",52,20,NA,NA
"Q12513",12,0,NA,NA
"P53622",277,91,NA,NA
"P40509",68,14,NA,NA
"P43132",32,18,NA,NA
"Q06689",51,9,NA,NA
"P04456",50,19,NA,NA
"P46956",60,13,NA,NA
"P53327",45,12,NA,NA
"P40513",37,10,NA,NA
"P52911",43,24,NA,NA
"P07284",197,71,NA,NA
"P21576",179,95,NA,NA
"P34110",12,0,NA,NA
"P04051",52,22,NA,NA
"P35719",19,5,NA,NA
"Q04225",58,41,NA,NA
"O13535",69,40,NA,NA
"P04806",185,70,NA,NA
"P53860",30,13,NA,NA
"P32179",24,5,NA,NA
"P39517",137,48,NA,NA
"P12754",113,61,NA,NA
"P53852",114,25,NA,NA
"P15454",97,36,NA,NA
"P38077",35,16,NA,NA
"P03871",10,4,NA,NA
"P06786",74,28,NA,NA
"P53551",23,13,NA,NA
"P38116",84,31,NA,NA
"P47771",40,6,NA,NA
"P13382",7,1,NA,NA
"O13563",41,20,NA,NA
"P54885",89,38,NA,NA
"P52918",26,0,NA,NA
"P38701",76,32,NA,NA
"P38013",157,63,NA,NA
"P41057",10,3,NA,NA
"P30605",27,1,NA,NA
"P00815",322,134,NA,NA
"P38221",20,10,NA,NA
"P09734",72,31,NA,NA
"P09032",43,12,NA,NA
"P25294",84,32,NA,NA
"Q12074",137,42,NA,NA
"P39714",114,45,NA,NA
"P37254",24,8,NA,NA
"P36010",49,20,NA,NA
"P20967",128,50,NA,NA
"P22133",53,13,NA,NA
"Q02795",32,15,NA,NA
"P43638",10,2,NA,NA
"P80428",30,17,NA,NA
"P32621",47,23,NA,NA
"Q08287",14,14,NA,NA
"P12612",149,51,NA,NA
"P21825",8,0,NA,NA
"P57744",12,0,NA,NA
"P61830",39,6,NA,NA
"P32769",71,27,NA,NA
"P38626",81,46,NA,NA
"P38426",86,37,NA,NA
"P31412",151,43,NA,NA
"P02994",300,110,NA,NA
"P53741",19,19,NA,NA
"Q04228",44,21,NA,NA
"P07560",34,28,NA,NA
"P34223",62,46,NA,NA
"P40422",27,27,NA,NA
"P36013",144,65,NA,NA
"P15625",168,58,NA,NA
"P53920",51,26,NA,NA
"Q12136",40,10,NA,NA
"Q03750",20,5,NA,NA
"P22936",9,1,NA,NA
"P00431",36,19,NA,NA
"P39079",123,25,NA,NA
"P39986",187,66,NA,NA
"Q06168",29,4,NA,NA
"P38787",83,28,NA,NA
"P14743",8,1,NA,NA
"Q12159",52,23,NA,NA
"P40089",70,27,NA,NA
"P32481",180,96,NA,NA
"P49095",95,37,NA,NA
"P38075",37,18,NA,NA
"P15873",57,22,NA,NA
"P29468",20,0,NA,NA
"P46367",89,43,NA,NA
"P53927",23,5,NA,NA
"P05759",17,10,NA,NA
"Q04660",58,52,NA,NA
"P32583",31,31,NA,NA
"P24280",72,14,NA,NA
"P39015",174,167,NA,NA
"P05739",37,28,NA,NA
"Q02326",38,26,NA,NA
"P39985",87,23,NA,NA
"P46982",31,19,NA,NA
"Q08954",8,0,NA,NA
"P38691",19,5,NA,NA
"P53978",45,21,NA,NA
"P33327",69,16,NA,NA
"P32454",168,57,NA,NA
"P07263",98,34,NA,NA
"P32449",148,73,NA,NA
"P53100",25,10,NA,NA
"Q08444",12,12,NA,NA
"P43589",19,9,NA,NA
"P02557",207,69,NA,NA
"P40414",35,10,NA,NA
"P40075",152,120,NA,NA
"P45818",32,14,NA,NA
"Q12165",48,12,NA,NA
"P17076",29,18,NA,NA
"Q02776",41,19,NA,NA
"Q06078",117,57,NA,NA
"P15700",79,18,NA,NA
"P40202",10,2,NA,NA
"P40541",21,7,NA,NA
"P34760",174,76,NA,NA
"Q08641",68,49,NA,NA
"Q06672",12,0,NA,NA
"P00729",49,15,NA,NA
"P20447",68,27,NA,NA
"P40217",59,24,NA,NA
"P53925",29,20,NA,NA
"Q12285",55,28,NA,NA
"Q08977",115,27,NA,NA
"Q00055",101,37,NA,NA
"Q12040",21,7,NA,NA
"P07347",12,3,NA,NA
"Q07527",76,27,NA,NA
"P07267",106,43,NA,NA
"P00812",35,12,NA,NA
"P25618",11,11,NA,NA
"P52286",71,54,NA,NA
"Q99189",25,3,NA,NA
"Q00245",47,24,NA,NA
"P89105",73,12,NA,NA
"P53881",35,11,NA,NA
"P13663",212,93,NA,NA
"P22138",103,43,NA,NA
"P49723",222,52,NA,NA
"Q07878",148,55,NA,NA
"P39727",29,19,NA,NA
"P46675",37,7,NA,NA
"P00359",144,63,NA,NA
"P00360",169,74,NA,NA
"P00358",115,51,NA,NA
"Q08746",29,9,NA,NA
"P38879",74,43,NA,NA
"P02309",53,15,NA,NA
"Q06385",118,54,NA,NA
"P32288",73,34,NA,NA
"P32568",50,13,NA,NA
"Q03921",131,29,NA,NA
"P30657",111,25,NA,NA
"P16370",42,14,NA,NA
"Q04439",109,37,NA,NA
"P20051",52,24,NA,NA
"P38713",48,22,NA,NA
"P36015",49,18,NA,NA
"P34087",29,8,NA,NA
"P38137",41,24,NA,NA
"Q06629",12,0,NA,NA
"P38199",96,28,NA,NA
"P13517",77,30,NA,NA
"P19524",197,71,NA,NA
"P02992",135,47,NA,NA
"P36144",18,4,NA,NA
"P41811",277,103,NA,NA
"P53550",49,28,NA,NA
"P38863",15,5,NA,NA
"P11484",61,24,NA,NA
"P40150",61,23,NA,NA
"P14843",77,38,NA,NA
"P42826",28,19,NA,NA
"P25655",150,43,NA,NA
"P53629",10,8,NA,NA
"Q12449",63,23,NA,NA
"P04046",156,66,NA,NA
"P27680",17,2,NA,NA
"P38431",138,61,NA,NA
"P25044",11,1,NA,NA
"P25373",56,15,NA,NA
"P00937",87,42,NA,NA
"P05453",98,43,NA,NA
"Q08162",77,42,NA,NA
"Q04511",13,0,NA,NA
"Q03034",30,14,NA,NA
"P38061",31,12,NA,NA
"P28707",23,13,NA,NA
"P38911",63,38,NA,NA
"P10659",34,15,NA,NA
"P38836",62,20,NA,NA
"Q04175",175,32,NA,NA
"P17505",68,16,NA,NA
"P41277",157,78,NA,NA
"P23254",339,158,NA,NA
"P53912",108,54,NA,NA
"P38891",156,66,NA,NA
"P16603",159,86,NA,NA
"P38217",107,24,NA,NA
"P07277",67,12,NA,NA
"P47117",74,27,NA,NA
"Q06287",73,23,NA,NA
"Q02892",62,23,NA,NA
"P38932",20,8,NA,NA
"P28495",52,18,NA,NA
"P47102",14,2,NA,NA
"P23561",10,5,NA,NA
"Q3E7Z5",10,0,NA,NA
"P47912",166,72,NA,NA
"P29952",127,58,NA,NA
"P32892",114,40,NA,NA
"P32597",59,18,NA,NA
"P28834",82,41,NA,NA
"P35691",87,38,NA,NA
"P25582",21,10,NA,NA
"P31382",41,14,NA,NA
"P13298",116,48,NA,NA
"P52910",255,91,NA,NA
"P43590",63,21,NA,NA
"P47001",18,8,NA,NA
"P28319",56,24,NA,NA
"P16649",67,44,NA,NA
"P19414",147,67,NA,NA
"P04840",207,68,NA,NA
"Q06497",72,21,NA,NA
"Q01662",114,65,NA,NA
"P40212",29,24,NA,NA
"P38817",50,22,NA,NA
"P47131",66,7,NA,NA
"P25567",181,131,NA,NA
"P39007",43,21,NA,NA
"P54858",26,16,NA,NA
"Q07938",11,3,NA,NA
"Q06673",16,3,NA,NA
"Q12018",16,4,NA,NA
"P38912",47,29,NA,NA
"P41940",226,92,NA,NA
"P35844",63,33,NA,NA
"Q01560",105,37,NA,NA
"P32911",76,37,NA,NA
"P15992",126,100,NA,NA
"P07170",134,53,NA,NA
"P05030",108,45,NA,NA
"P07172",71,40,NA,NA
"Q03656",21,5,NA,NA
"P53235",151,84,NA,NA
"Q12745",16,5,NA,NA
"P38109",27,5,NA,NA
"P39078",169,50,NA,NA
"Q12114",78,51,NA,NA
"P26783",171,85,NA,NA
"Q05359",9,0,NA,NA
"P32521",59,49,NA,NA
"P05374",49,30,NA,NA
"P38144",76,24,NA,NA
"P08678",32,15,NA,NA
"P38707",321,130,NA,NA
"P46989",30,14,NA,NA
"P38286",61,20,NA,NA
"P05756",80,38,NA,NA
"P38009",272,105,NA,NA
"P28272",143,65,NA,NA
"Q12118",87,31,NA,NA
"P32600",55,6,NA,NA
"Q01532",101,40,NA,NA
"Q02046",99,38,NA,NA
"Q03195",145,68,NA,NA
"P32501",75,30,NA,NA
"O13547",19,5,NA,NA
"P17423",85,39,NA,NA
"P80210",200,92,NA,NA
"P38628",76,18,NA,NA
"P07283",126,57,NA,NA
"Q04947",116,79,NA,NA
"P32469",116,49,NA,NA
"P53152",13,2,NA,NA
"P25369",66,11,NA,NA
"P47008",20,4,NA,NA
"P09880",20,7,NA,NA
"P05743",10,10,NA,NA
"P53221",10,10,NA,NA
"P38811",53,7,NA,NA
"Q06608",33,18,NA,NA
"Q12754",113,49,NA,NA
"P07256",138,48,NA,NA
"P15703",60,24,NA,NA
"P32790",34,20,NA,NA
"Q02959",16,7,NA,NA
"P40477",44,28,NA,NA
"P02400",97,53,NA,NA
"P18759",100,44,NA,NA
"P38139",12,4,NA,NA
"P33302",258,105,NA,NA
"P43556",14,9,NA,NA
"P37020",9,3,NA,NA
"P31787",42,7,NA,NA
"Q12464",88,50,NA,NA
"P53256",9,1,NA,NA
"P29704",85,30,NA,NA
"P38793",44,14,NA,NA
"P36148",43,13,NA,NA
"P05626",38,4,NA,NA
"P34222",29,15,NA,NA
"Q07830",10,3,NA,NA
"Q08412",37,21,NA,NA
"P07245",523,226,NA,NA
"P14065",13,3,NA,NA
"Q02821",113,20,NA,NA
"P10591",127,39,NA,NA
"P32610",48,6,NA,NA
"P21242",51,16,NA,NA
"P48015",84,27,NA,NA
"P33298",55,27,NA,NA
"P12688",74,31,NA,NA
"P38250",50,48,NA,NA
"P10507",19,9,NA,NA
"P32558",140,66,NA,NA
"P11412",75,26,NA,NA
"P40327",47,16,NA,NA
"P33338",109,26,NA,NA
"P31373",177,86,NA,NA
"Q04697",57,20,NA,NA
"P39676",230,74,NA,NA
"P39931",35,24,NA,NA
"P47054",96,28,NA,NA
"P41805",93,38,NA,NA
"P38353",146,47,NA,NA
"P28274",137,60,NA,NA
"P34730",45,10,NA,NA
"P23639",70,14,NA,NA
"P29311",88,44,NA,NA
"Q05911",247,78,NA,NA
"P17695",24,6,NA,NA
"P16387",164,74,NA,NA
"P11745",106,57,NA,NA
"Q08208",28,15,NA,NA
"P21304",60,42,NA,NA
"P10080",89,42,NA,NA
"P32939",60,25,NA,NA
"Q12314",70,36,NA,NA
"P53330",42,42,NA,NA
"P27810",43,11,NA,NA
"P37898",205,54,NA,NA
"P39954",198,74,NA,NA
"P21954",112,42,NA,NA
"P41807",148,43,NA,NA
"Q05016",102,22,NA,NA
"Q12265",72,36,NA,NA
"P30656",39,20,NA,NA
"P22202",68,20,NA,NA
"Q03262",28,10,NA,NA
"Q04491",133,60,NA,NA
"Q12480",59,23,NA,NA
"P40495",82,24,NA,NA
"Q05506",272,99,NA,NA
"P21538",18,18,NA,NA
"P32614",182,72,NA,NA
"P40010",70,25,NA,NA
"P48415",54,54,NA,NA
"P50107",27,14,NA,NA
"P54861",89,16,NA,NA
"P38858",53,16,NA,NA
"P50109",18,17,NA,NA
"P07257",75,23,NA,NA
"P15019",196,72,NA,NA
"P02829",125,48,NA,NA
"P22137",660,191,NA,NA
"Q12447",108,32,NA,NA
"Q03497",54,18,NA,NA
"P40482",197,102,NA,NA
"P49167",41,16,NA,NA
"P06169",343,158,NA,NA
"P32527",111,74,NA,NA
"P40693",54,34,NA,NA
"P38694",83,40,NA,NA
"P32660",14,2,NA,NA
"P07251",178,83,NA,NA
"P12695",145,64,NA,NA
"Q12109",173,83,NA,NA
"P25293",142,69,NA,NA
"Q00764",128,60,NA,NA
"P32191",49,8,NA,NA
"P50101",12,4,NA,NA
"P38555",46,22,NA,NA
"P36114",81,21,NA,NA
"P00931",364,125,NA,NA
"P19262",50,23,NA,NA
"P39683",53,8,NA,NA
"P34077",13,4,NA,NA
"P07342",203,88,NA,NA
"P40531",227,74,NA,NA
"P39742",53,8,NA,NA
"P32626",25,6,NA,NA
"P53868",10,5,NA,NA
"P40548",17,6,NA,NA
"Q06451",38,36,NA,NA
"P38205",116,42,NA,NA
"Q12117",33,32,NA,NA
"P22515",352,156,NA,NA
"P38264",94,41,NA,NA
"P27692",109,71,NA,NA
"P38902",21,8,NA,NA
"P39109",59,25,NA,NA
"P33201",64,28,NA,NA
"Q12024",65,28,NA,NA
"Q04305",113,37,NA,NA
"P40474",10,1,NA,NA
"P38885",49,21,NA,NA
"Q06214",28,10,NA,NA
"P53943",34,2,NA,NA
"P23641",169,41,NA,NA
"P38861",67,16,NA,NA
"P05694",348,133,NA,NA
"P23542",219,98,NA,NA
"P19211",67,18,NA,NA
"P23301",98,36,NA,NA
"P23202",64,28,NA,NA
"Q06440",62,41,NA,NA
"Q12324",36,15,NA,NA
"Q12211",50,26,NA,NA
"P46672",174,89,NA,NA
"P38777",52,21,NA,NA
"P32327",115,68,NA,NA
"P11154",33,16,NA,NA
"P38972",583,257,NA,NA
"P28241",132,58,NA,NA
"P54839",158,67,NA,NA
"Q03640",217,89,NA,NA
"P42941",26,9,NA,NA
"P32468",42,8,NA,NA
"P47818",69,40,NA,NA
"P43588",65,42,NA,NA
"P41810",222,99,NA,NA
"P00330",155,58,NA,NA
"P41058",8,3,NA,NA
"P15646",138,53,NA,NA
"P53290",29,7,NA,NA
"P39522",278,125,NA,NA
"Q12743",14,1,NA,NA
"P40016",43,14,NA,NA
"Q04894",166,73,NA,NA
"P38631",144,61,NA,NA
"Q03280",122,29,NA,NA
"P47044",16,0,NA,NA
"P33333",28,13,NA,NA
"P38120",10,1,NA,NA
"P32915",95,28,NA,NA
"P35180",30,3,NA,NA
"Q12518",10,0,NA,NA
"P39968",140,34,NA,NA
"P06103",214,94,NA,NA
"P48589",118,52,NA,NA
"P32916",36,14,NA,NA
"Q03690",434,170,NA,NA
"Q02939",34,11,NA,NA
"Q08217",27,7,NA,NA
"P16550",212,107,NA,NA
"P54113",121,39,NA,NA
"P39077",180,69,NA,NA
"P12684",41,18,NA,NA
"P35817",25,8,NA,NA
"P12683",29,24,NA,NA
"P40303",51,18,NA,NA
"P07991",158,65,NA,NA
"P32337",349,54,NA,NA
"P11632",30,8,NA,NA
"P53090",306,134,NA,NA
"P43535",122,42,NA,NA
"Q08745",40,16,NA,NA
"P53549",26,8,NA,NA
"P54838",243,89,NA,NA
"P32608",64,15,NA,NA
"P47160",26,16,NA,NA
"P17891",25,12,NA,NA
"P04802",209,91,NA,NA
"Q05027",32,31,NA,NA
"P20449",158,83,NA,NA
"P36060",41,36,NA,NA
"P05750",176,77,NA,NA
"P09436",524,181,NA,NA
"Q03048",87,34,NA,NA
"P69771",10,1,NA,NA
"Q08822",12,10,NA,NA
"P22146",81,43,NA,NA
"P39976",166,73,NA,NA
"P47176",157,60,NA,NA
"Q06891",31,6,NA,NA
"P38132",13,4,NA,NA
"P30822",187,30,NA,NA
"P53252",153,57,NA,NA
"Q12230",118,42,NA,NA
"P15303",218,103,NA,NA
"Q05775",60,27,NA,NA
"P40510",50,19,NA,NA
"P08566",310,128,NA,NA
"Q03532",105,27,NA,NA
"P47154",47,7,NA,NA
"P40094",29,0,NA,NA
"P14540",272,101,NA,NA
"P38115",116,75,NA,NA
"P06704",8,6,NA,NA
"P33892",768,146,NA,NA
"P32582",297,122,NA,NA
"P26637",409,142,NA,NA
"Q12000",23,7,NA,NA
"P40047",38,7,NA,NA
"P37291",324,135,NA,NA
"P32875",73,31,NA,NA
"P37292",121,58,NA,NA
"Q07381",87,36,NA,NA
"P38737",108,25,NA,NA
"P08524",154,38,NA,NA
"P53276",74,38,NA,NA
"P04050",269,88,NA,NA
"P05318",54,18,NA,NA
"P39105",12,5,NA,NA
"P07264",154,53,NA,NA
"P21264",255,98,NA,NA
"Q06705",44,16,NA,NA
"P50094",153,82,NA,NA
"Q99258",47,22,NA,NA
"P40069",525,129,NA,NA
"P32499",71,58,NA,NA
"P29453",33,19,NA,NA
"P32861",257,97,NA,NA
"P16474",193,62,NA,NA
"P48231",26,9,NA,NA
"P36016",62,19,NA,NA
"P16140",344,147,NA,NA
"P25574",63,35,NA,NA
"P35127",13,6,NA,NA
"P39743",62,12,NA,NA
"P09232",50,31,NA,NA
"P32588",73,32,NA,NA
"P40825",434,200,NA,NA
"P38682",10,5,NA,NA
"P10614",181,65,NA,NA
"P38715",91,40,NA,NA
"P00950",179,104,NA,NA
"P08417",152,45,NA,NA
"P43616",241,114,NA,NA
"P21951",49,16,NA,NA
"P40364",42,34,NA,NA
"P38875",12,4,NA,NA
"P81451",25,13,NA,NA
"O14467",46,23,NA,NA
"P40053",81,44,NA,NA
"P28777",150,50,NA,NA
"P0C0V8",16,4,NA,NA
"Q3E754",16,4,NA,NA
"Q12680",486,188,NA,NA
"P13188",226,104,NA,NA
"P35194",77,15,NA,NA
"P10081",282,115,NA,NA
"P32497",201,73,NA,NA
"P25635",15,4,NA,NA
"Q08985",78,24,NA,NA
"Q06151",59,14,NA,NA
"P38066",12,4,NA,NA
"Q03940",118,56,NA,NA
"P04801",249,111,NA,NA
"P05319",37,11,NA,NA
"Q12460",187,51,NA,NA
"P29469",28,3,NA,NA
"P39107",48,12,NA,NA
"P41338",168,73,NA,NA
"P15424",87,27,NA,NA
"P32379",125,47,NA,NA
"P33401",121,61,NA,NA
"P30624",155,65,NA,NA
"P21965",80,51,NA,NA
"P14742",95,33,NA,NA
"P53844",27,13,NA,NA
"P06208",107,38,NA,NA
"P47120",133,35,NA,NA
"P00958",270,101,NA,NA
"P07213",122,59,NA,NA
"P07806",406,177,NA,NA
"P00447",91,30,NA,NA
"P47079",279,105,NA,NA
"P39958",181,71,NA,NA
"P34160",73,10,NA,NA
"Q12499",222,56,NA,NA
"P38716",21,8,NA,NA
"P37303",135,65,NA,NA
"P07149",923,362,NA,NA
"P11792",14,6,NA,NA
"P53184",81,37,NA,NA
"Q01454",23,9,NA,NA
"P20606",150,69,NA,NA
"P32528",48,23,NA,NA
"Q00955",809,323,NA,NA
"P40302",110,48,NA,NA
"Q12466",70,45,NA,NA
"P35193",19,18,NA,NA
"Q07844",34,12,NA,NA
"Q04067",79,41,NA,NA
"P38249",256,94,NA,NA
"Q03558",253,133,NA,NA
"P32602",75,23,NA,NA
"P14126",159,76,NA,NA
"P38791",240,104,NA,NA
"Q12389",62,22,NA,NA
"Q03973",18,7,NA,NA
"P33734",165,53,NA,NA
"P32264",73,37,NA,NA
"Q08225",86,33,NA,NA
"P38697",74,37,NA,NA
"P09064",83,64,NA,NA
"P38219",206,95,NA,NA
"P38999",135,50,NA,NA
"P29496",18,7,NA,NA
"P23615",149,65,NA,NA
"Q05636",20,6,NA,NA
"P53914",80,26,NA,NA
"P60010",258,97,NA,NA
"Q12019",216,65,NA,NA
"P15108",182,69,NA,NA
"P18562",106,34,NA,NA
"P53981",106,31,NA,NA
"P32381",89,41,NA,NA
"P16120",251,80,NA,NA
"Q12125",24,6,NA,NA
"P07246",149,46,NA,NA
"Q08421",83,33,NA,NA
"P36421",191,61,NA,NA
"P05317",122,44,NA,NA
"P24783",133,49,NA,NA
"P38720",265,90,NA,NA
"P31539",432,146,NA,NA
"P38764",192,54,NA,NA
"Q05022",328,130,NA,NA
"P38260",83,20,NA,NA
"P46151",18,6,NA,NA
"P33330",225,93,NA,NA
"Q06685",49,15,NA,NA
"P23644",122,70,NA,NA
"P13433",15,2,NA,NA
"P32471",134,41,NA,NA
"P48439",34,22,NA,NA
"Q96VH5",35,13,NA,NA
"Q12176",109,43,NA,NA
"Q01855",70,36,NA,NA
"P38333",71,34,NA,NA
"Q06103",39,18,NA,NA
"P03965",123,76,NA,NA
"P17255",594,202,NA,NA
"Q08818",23,4,NA,NA
"P04807",350,121,NA,NA
"P39744",38,7,NA,NA
"P09950",59,23,NA,NA
"P54115",327,117,NA,NA
"P35724",18,10,NA,NA
"P38708",298,117,NA,NA
"Q86ZR7",50,19,NA,NA
"P32787",24,19,NA,NA
"Q02792",17,12,NA,NA
"Q06494",52,10,NA,NA
"P08518",124,42,NA,NA
"P31688",147,73,NA,NA
"P32463",28,12,NA,NA
"P06105",426,206,NA,NA
"P49089",168,74,NA,NA
"P22803",51,19,NA,NA
"P39533",70,19,NA,NA
"P16861",442,199,NA,NA
"P32419",76,17,NA,NA
"Q08245",56,3,NA,NA
"P32599",264,119,NA,NA
"P40185",109,40,NA,NA
"P27616",187,83,NA,NA
"P38687",91,20,NA,NA
"P38825",54,16,NA,NA
"Q12068",52,13,NA,NA
"P26786",96,29,NA,NA
"P39104",8,1,NA,NA
"P38788",289,112,NA,NA
"P32563",176,55,NA,NA
"P15624",215,87,NA,NA
"P15565",45,17,NA,NA
"P53598",125,42,NA,NA
"P00890",131,37,NA,NA
"P40961",87,11,NA,NA
"P12709",385,145,NA,NA
"Q10740",63,22,NA,NA
"P32589",349,134,NA,NA
"P10592",128,30,NA,NA
"P14682",13,13,NA,NA
"P15891",176,141,NA,NA
"P10964",236,108,NA,NA
"P26785",63,37,NA,NA
"P33204",60,16,NA,NA
"P49090",173,75,NA,NA
"Q04371",88,22,NA,NA
"P00942",169,71,NA,NA
"P11075",124,41,NA,NA
"Q99287",39,17,NA,NA
"P0CS90",295,107,NA,NA
"P22203",110,22,NA,NA
"P20434",41,22,NA,NA
"Q03655",43,19,NA,NA
"Q01939",78,44,NA,NA
"P26321",196,82,NA,NA
"P34167",116,87,NA,NA
"P48164",84,22,NA,NA
"P32324",597,199,NA,NA
"P04147",350,177,NA,NA
"P42945",175,31,NA,NA
"Q08972",260,89,NA,NA
"P38088",277,98,NA,NA
"P38768",9,5,NA,NA
"P38934",166,71,NA,NA
"P38174",49,26,NA,NA
"P38623",19,14,NA,NA
"Q04636",99,48,NA,NA
"Q03862",130,61,NA,NA
"P27809",84,57,NA,NA
"P32074",191,65,NA,NA
"P39935",190,137,NA,NA
"P06634",244,96,NA,NA
"P32377",84,31,NA,NA
"P39990",91,31,NA,NA
"P53738",38,21,NA,NA
"P00549",424,174,NA,NA
"P38998",62,24,NA,NA
"Q06142",313,64,NA,NA
"P19882",311,99,NA,NA
"P07278",35,6,NA,NA
"P53733",22,14,NA,NA
"P43583",79,16,NA,NA
"P53742",36,18,NA,NA
"P12945",132,36,NA,NA
"P00817",212,110,NA,NA
"P40413",127,54,NA,NA
"P09624",246,97,NA,NA
"P07244",460,193,NA,NA
"P00925",209,78,NA,NA
"P00924",122,43,NA,NA
"P07259",990,435,NA,NA
"P07262",177,78,NA,NA
"Q12452",73,28,NA,NA
"P53313",68,26,NA,NA
"P39730",339,135,NA,NA
"P46655",379,143,NA,NA
"P06197",11,0,NA,NA
"P32366",156,48,NA,NA
"P31116",219,94,NA,NA
"Q12692",44,8,NA,NA
"P32473",239,93,NA,NA
"P40024",187,70,NA,NA
"P06168",242,72,NA,NA
"Q12344",19,19,NA,NA
"P33421",11,2,NA,NA
"P00498",168,65,NA,NA
"P25349",109,52,NA,NA
"P00560",345,142,NA,NA
"P38625",277,113,NA,NA
"P10622",45,14,NA,NA
"P25443",166,68,NA,NA
"P32628",102,81,NA,NA
"P38011",240,121,NA,NA
"P38689",77,19,NA,NA
"P16862",546,222,NA,NA
"P19097",920,375,NA,NA
"P17967",278,131,NA,NA
"Q07478",184,98,NA,NA
"Q12363",100,56,NA,NA
"P32263",169,50,NA,NA
"P14747",27,4,NA,NA
"P46969",105,45,NA,NA
"P16521",589,225,NA,NA
"P25694",461,206,NA,NA
"P23337",46,12,NA,NA
"P27472",35,9,NA,NA
"P15705",165,54,NA,NA
"P15180",208,88,NA,NA
"P09938",217,61,NA,NA
"P50276",23,0,NA,NA
"P38915",42,32,NA,NA
